{"assets/avater.png":["assets/avater.png"],"assets/bkash.png":["assets/bkash.png"],"assets/carton.png":["assets/carton.png"],"assets/exchange.svg":["assets/exchange.svg"],"assets/hand.svg":["assets/hand.svg"],"assets/message.svg":["assets/message.svg"],"assets/nogod.svg":["assets/nogod.svg"],"assets/person.svg":["assets/person.svg"],"assets/phone.png":["assets/phone.png"],"assets/question.svg":["assets/question.svg"],"assets/robot.png":["assets/robot.png"],"assets/robot.svg":["assets/robot.svg"],"assets/roket.svg":["assets/roket.svg"],"assets/togather.jpg":["assets/togather.jpg"],"assets/user-solid.svg":["assets/user-solid.svg"],"packages/awesome_snackbar_content/assets/back.svg":["packages/awesome_snackbar_content/assets/back.svg"],"packages/awesome_snackbar_content/assets/bubbles.svg":["packages/awesome_snackbar_content/assets/bubbles.svg"],"packages/awesome_snackbar_content/assets/types/failure.svg":["packages/awesome_snackbar_content/assets/types/failure.svg"],"packages/awesome_snackbar_content/assets/types/help.svg":["packages/awesome_snackbar_content/assets/types/help.svg"],"packages/awesome_snackbar_content/assets/types/success.svg":["packages/awesome_snackbar_content/assets/types/success.svg"],"packages/awesome_snackbar_content/assets/types/warning.svg":["packages/awesome_snackbar_content/assets/types/warning.svg"],"packages/country_pickers/assets/ad.png":["packages/country_pickers/assets/ad.png"],"packages/country_pickers/assets/ae.png":["packages/country_pickers/assets/ae.png"],"packages/country_pickers/assets/af.png":["packages/country_pickers/assets/af.png"],"packages/country_pickers/assets/ag.png":["packages/country_pickers/assets/ag.png"],"packages/country_pickers/assets/ai.png":["packages/country_pickers/assets/ai.png"],"packages/country_pickers/assets/al.png":["packages/country_pickers/assets/al.png"],"packages/country_pickers/assets/am.png":["packages/country_pickers/assets/am.png"],"packages/country_pickers/assets/an.png":["packages/country_pickers/assets/an.png"],"packages/country_pickers/assets/ao.png":["packages/country_pickers/assets/ao.png"],"packages/country_pickers/assets/aq.png":["packages/country_pickers/assets/aq.png"],"packages/country_pickers/assets/ar.png":["packages/country_pickers/assets/ar.png"],"packages/country_pickers/assets/as.png":["packages/country_pickers/assets/as.png"],"packages/country_pickers/assets/at.png":["packages/country_pickers/assets/at.png"],"packages/country_pickers/assets/au.png":["packages/country_pickers/assets/au.png"],"packages/country_pickers/assets/aw.png":["packages/country_pickers/assets/aw.png"],"packages/country_pickers/assets/ax.png":["packages/country_pickers/assets/ax.png"],"packages/country_pickers/assets/az.png":["packages/country_pickers/assets/az.png"],"packages/country_pickers/assets/ba.png":["packages/country_pickers/assets/ba.png"],"packages/country_pickers/assets/bb.png":["packages/country_pickers/assets/bb.png"],"packages/country_pickers/assets/bd.png":["packages/country_pickers/assets/bd.png"],"packages/country_pickers/assets/be.png":["packages/country_pickers/assets/be.png"],"packages/country_pickers/assets/bf.png":["packages/country_pickers/assets/bf.png"],"packages/country_pickers/assets/bg.png":["packages/country_pickers/assets/bg.png"],"packages/country_pickers/assets/bh.png":["packages/country_pickers/assets/bh.png"],"packages/country_pickers/assets/bi.png":["packages/country_pickers/assets/bi.png"],"packages/country_pickers/assets/bj.png":["packages/country_pickers/assets/bj.png"],"packages/country_pickers/assets/bl.png":["packages/country_pickers/assets/bl.png"],"packages/country_pickers/assets/bm.png":["packages/country_pickers/assets/bm.png"],"packages/country_pickers/assets/bn.png":["packages/country_pickers/assets/bn.png"],"packages/country_pickers/assets/bo.png":["packages/country_pickers/assets/bo.png"],"packages/country_pickers/assets/bq.png":["packages/country_pickers/assets/bq.png"],"packages/country_pickers/assets/br.png":["packages/country_pickers/assets/br.png"],"packages/country_pickers/assets/bs.png":["packages/country_pickers/assets/bs.png"],"packages/country_pickers/assets/bt.png":["packages/country_pickers/assets/bt.png"],"packages/country_pickers/assets/bv.png":["packages/country_pickers/assets/bv.png"],"packages/country_pickers/assets/bw.png":["packages/country_pickers/assets/bw.png"],"packages/country_pickers/assets/by.png":["packages/country_pickers/assets/by.png"],"packages/country_pickers/assets/bz.png":["packages/country_pickers/assets/bz.png"],"packages/country_pickers/assets/ca.png":["packages/country_pickers/assets/ca.png"],"packages/country_pickers/assets/cc.png":["packages/country_pickers/assets/cc.png"],"packages/country_pickers/assets/cd.png":["packages/country_pickers/assets/cd.png"],"packages/country_pickers/assets/cf.png":["packages/country_pickers/assets/cf.png"],"packages/country_pickers/assets/cg.png":["packages/country_pickers/assets/cg.png"],"packages/country_pickers/assets/ch.png":["packages/country_pickers/assets/ch.png"],"packages/country_pickers/assets/ci.png":["packages/country_pickers/assets/ci.png"],"packages/country_pickers/assets/ck.png":["packages/country_pickers/assets/ck.png"],"packages/country_pickers/assets/cl.png":["packages/country_pickers/assets/cl.png"],"packages/country_pickers/assets/cm.png":["packages/country_pickers/assets/cm.png"],"packages/country_pickers/assets/cn.png":["packages/country_pickers/assets/cn.png"],"packages/country_pickers/assets/co.png":["packages/country_pickers/assets/co.png"],"packages/country_pickers/assets/cr.png":["packages/country_pickers/assets/cr.png"],"packages/country_pickers/assets/cu.png":["packages/country_pickers/assets/cu.png"],"packages/country_pickers/assets/cv.png":["packages/country_pickers/assets/cv.png"],"packages/country_pickers/assets/cw.png":["packages/country_pickers/assets/cw.png"],"packages/country_pickers/assets/cx.png":["packages/country_pickers/assets/cx.png"],"packages/country_pickers/assets/cy.png":["packages/country_pickers/assets/cy.png"],"packages/country_pickers/assets/cz.png":["packages/country_pickers/assets/cz.png"],"packages/country_pickers/assets/de.png":["packages/country_pickers/assets/de.png"],"packages/country_pickers/assets/dj.png":["packages/country_pickers/assets/dj.png"],"packages/country_pickers/assets/dk.png":["packages/country_pickers/assets/dk.png"],"packages/country_pickers/assets/dm.png":["packages/country_pickers/assets/dm.png"],"packages/country_pickers/assets/do.png":["packages/country_pickers/assets/do.png"],"packages/country_pickers/assets/dz.png":["packages/country_pickers/assets/dz.png"],"packages/country_pickers/assets/ec.png":["packages/country_pickers/assets/ec.png"],"packages/country_pickers/assets/ee.png":["packages/country_pickers/assets/ee.png"],"packages/country_pickers/assets/eg.png":["packages/country_pickers/assets/eg.png"],"packages/country_pickers/assets/eh.png":["packages/country_pickers/assets/eh.png"],"packages/country_pickers/assets/er.png":["packages/country_pickers/assets/er.png"],"packages/country_pickers/assets/es.png":["packages/country_pickers/assets/es.png"],"packages/country_pickers/assets/et.png":["packages/country_pickers/assets/et.png"],"packages/country_pickers/assets/eu.png":["packages/country_pickers/assets/eu.png"],"packages/country_pickers/assets/fi.png":["packages/country_pickers/assets/fi.png"],"packages/country_pickers/assets/fj.png":["packages/country_pickers/assets/fj.png"],"packages/country_pickers/assets/fk.png":["packages/country_pickers/assets/fk.png"],"packages/country_pickers/assets/fm.png":["packages/country_pickers/assets/fm.png"],"packages/country_pickers/assets/fo.png":["packages/country_pickers/assets/fo.png"],"packages/country_pickers/assets/fr.png":["packages/country_pickers/assets/fr.png"],"packages/country_pickers/assets/ga.png":["packages/country_pickers/assets/ga.png"],"packages/country_pickers/assets/gb-eng.png":["packages/country_pickers/assets/gb-eng.png"],"packages/country_pickers/assets/gb-nir.png":["packages/country_pickers/assets/gb-nir.png"],"packages/country_pickers/assets/gb-sct.png":["packages/country_pickers/assets/gb-sct.png"],"packages/country_pickers/assets/gb-wls.png":["packages/country_pickers/assets/gb-wls.png"],"packages/country_pickers/assets/gb.png":["packages/country_pickers/assets/gb.png"],"packages/country_pickers/assets/gd.png":["packages/country_pickers/assets/gd.png"],"packages/country_pickers/assets/ge.png":["packages/country_pickers/assets/ge.png"],"packages/country_pickers/assets/gf.png":["packages/country_pickers/assets/gf.png"],"packages/country_pickers/assets/gg.png":["packages/country_pickers/assets/gg.png"],"packages/country_pickers/assets/gh.png":["packages/country_pickers/assets/gh.png"],"packages/country_pickers/assets/gi.png":["packages/country_pickers/assets/gi.png"],"packages/country_pickers/assets/gl.png":["packages/country_pickers/assets/gl.png"],"packages/country_pickers/assets/gm.png":["packages/country_pickers/assets/gm.png"],"packages/country_pickers/assets/gn.png":["packages/country_pickers/assets/gn.png"],"packages/country_pickers/assets/gp.png":["packages/country_pickers/assets/gp.png"],"packages/country_pickers/assets/gq.png":["packages/country_pickers/assets/gq.png"],"packages/country_pickers/assets/gr.png":["packages/country_pickers/assets/gr.png"],"packages/country_pickers/assets/gs.png":["packages/country_pickers/assets/gs.png"],"packages/country_pickers/assets/gt.png":["packages/country_pickers/assets/gt.png"],"packages/country_pickers/assets/gu.png":["packages/country_pickers/assets/gu.png"],"packages/country_pickers/assets/gw.png":["packages/country_pickers/assets/gw.png"],"packages/country_pickers/assets/gy.png":["packages/country_pickers/assets/gy.png"],"packages/country_pickers/assets/hk.png":["packages/country_pickers/assets/hk.png"],"packages/country_pickers/assets/hm.png":["packages/country_pickers/assets/hm.png"],"packages/country_pickers/assets/hn.png":["packages/country_pickers/assets/hn.png"],"packages/country_pickers/assets/hr.png":["packages/country_pickers/assets/hr.png"],"packages/country_pickers/assets/ht.png":["packages/country_pickers/assets/ht.png"],"packages/country_pickers/assets/hu.png":["packages/country_pickers/assets/hu.png"],"packages/country_pickers/assets/id.png":["packages/country_pickers/assets/id.png"],"packages/country_pickers/assets/ie.png":["packages/country_pickers/assets/ie.png"],"packages/country_pickers/assets/il.png":["packages/country_pickers/assets/il.png"],"packages/country_pickers/assets/im.png":["packages/country_pickers/assets/im.png"],"packages/country_pickers/assets/in.png":["packages/country_pickers/assets/in.png"],"packages/country_pickers/assets/io.png":["packages/country_pickers/assets/io.png"],"packages/country_pickers/assets/iq.png":["packages/country_pickers/assets/iq.png"],"packages/country_pickers/assets/ir.png":["packages/country_pickers/assets/ir.png"],"packages/country_pickers/assets/is.png":["packages/country_pickers/assets/is.png"],"packages/country_pickers/assets/it.png":["packages/country_pickers/assets/it.png"],"packages/country_pickers/assets/je.png":["packages/country_pickers/assets/je.png"],"packages/country_pickers/assets/jm.png":["packages/country_pickers/assets/jm.png"],"packages/country_pickers/assets/jo.png":["packages/country_pickers/assets/jo.png"],"packages/country_pickers/assets/jp.png":["packages/country_pickers/assets/jp.png"],"packages/country_pickers/assets/ke.png":["packages/country_pickers/assets/ke.png"],"packages/country_pickers/assets/kg.png":["packages/country_pickers/assets/kg.png"],"packages/country_pickers/assets/kh.png":["packages/country_pickers/assets/kh.png"],"packages/country_pickers/assets/ki.png":["packages/country_pickers/assets/ki.png"],"packages/country_pickers/assets/km.png":["packages/country_pickers/assets/km.png"],"packages/country_pickers/assets/kn.png":["packages/country_pickers/assets/kn.png"],"packages/country_pickers/assets/kp.png":["packages/country_pickers/assets/kp.png"],"packages/country_pickers/assets/kr.png":["packages/country_pickers/assets/kr.png"],"packages/country_pickers/assets/kw.png":["packages/country_pickers/assets/kw.png"],"packages/country_pickers/assets/ky.png":["packages/country_pickers/assets/ky.png"],"packages/country_pickers/assets/kz.png":["packages/country_pickers/assets/kz.png"],"packages/country_pickers/assets/la.png":["packages/country_pickers/assets/la.png"],"packages/country_pickers/assets/lb.png":["packages/country_pickers/assets/lb.png"],"packages/country_pickers/assets/lc.png":["packages/country_pickers/assets/lc.png"],"packages/country_pickers/assets/li.png":["packages/country_pickers/assets/li.png"],"packages/country_pickers/assets/lk.png":["packages/country_pickers/assets/lk.png"],"packages/country_pickers/assets/lr.png":["packages/country_pickers/assets/lr.png"],"packages/country_pickers/assets/ls.png":["packages/country_pickers/assets/ls.png"],"packages/country_pickers/assets/lt.png":["packages/country_pickers/assets/lt.png"],"packages/country_pickers/assets/lu.png":["packages/country_pickers/assets/lu.png"],"packages/country_pickers/assets/lv.png":["packages/country_pickers/assets/lv.png"],"packages/country_pickers/assets/ly.png":["packages/country_pickers/assets/ly.png"],"packages/country_pickers/assets/ma.png":["packages/country_pickers/assets/ma.png"],"packages/country_pickers/assets/mc.png":["packages/country_pickers/assets/mc.png"],"packages/country_pickers/assets/md.png":["packages/country_pickers/assets/md.png"],"packages/country_pickers/assets/me.png":["packages/country_pickers/assets/me.png"],"packages/country_pickers/assets/mf.png":["packages/country_pickers/assets/mf.png"],"packages/country_pickers/assets/mg.png":["packages/country_pickers/assets/mg.png"],"packages/country_pickers/assets/mh.png":["packages/country_pickers/assets/mh.png"],"packages/country_pickers/assets/mk.png":["packages/country_pickers/assets/mk.png"],"packages/country_pickers/assets/ml.png":["packages/country_pickers/assets/ml.png"],"packages/country_pickers/assets/mm.png":["packages/country_pickers/assets/mm.png"],"packages/country_pickers/assets/mn.png":["packages/country_pickers/assets/mn.png"],"packages/country_pickers/assets/mo.png":["packages/country_pickers/assets/mo.png"],"packages/country_pickers/assets/mp.png":["packages/country_pickers/assets/mp.png"],"packages/country_pickers/assets/mq.png":["packages/country_pickers/assets/mq.png"],"packages/country_pickers/assets/mr.png":["packages/country_pickers/assets/mr.png"],"packages/country_pickers/assets/ms.png":["packages/country_pickers/assets/ms.png"],"packages/country_pickers/assets/mt.png":["packages/country_pickers/assets/mt.png"],"packages/country_pickers/assets/mu.png":["packages/country_pickers/assets/mu.png"],"packages/country_pickers/assets/mv.png":["packages/country_pickers/assets/mv.png"],"packages/country_pickers/assets/mw.png":["packages/country_pickers/assets/mw.png"],"packages/country_pickers/assets/mx.png":["packages/country_pickers/assets/mx.png"],"packages/country_pickers/assets/my.png":["packages/country_pickers/assets/my.png"],"packages/country_pickers/assets/mz.png":["packages/country_pickers/assets/mz.png"],"packages/country_pickers/assets/na.png":["packages/country_pickers/assets/na.png"],"packages/country_pickers/assets/nc.png":["packages/country_pickers/assets/nc.png"],"packages/country_pickers/assets/ne.png":["packages/country_pickers/assets/ne.png"],"packages/country_pickers/assets/nf.png":["packages/country_pickers/assets/nf.png"],"packages/country_pickers/assets/ng.png":["packages/country_pickers/assets/ng.png"],"packages/country_pickers/assets/ni.png":["packages/country_pickers/assets/ni.png"],"packages/country_pickers/assets/nl.png":["packages/country_pickers/assets/nl.png"],"packages/country_pickers/assets/no.png":["packages/country_pickers/assets/no.png"],"packages/country_pickers/assets/np.png":["packages/country_pickers/assets/np.png"],"packages/country_pickers/assets/nr.png":["packages/country_pickers/assets/nr.png"],"packages/country_pickers/assets/nu.png":["packages/country_pickers/assets/nu.png"],"packages/country_pickers/assets/nz.png":["packages/country_pickers/assets/nz.png"],"packages/country_pickers/assets/om.png":["packages/country_pickers/assets/om.png"],"packages/country_pickers/assets/pa.png":["packages/country_pickers/assets/pa.png"],"packages/country_pickers/assets/pe.png":["packages/country_pickers/assets/pe.png"],"packages/country_pickers/assets/pf.png":["packages/country_pickers/assets/pf.png"],"packages/country_pickers/assets/pg.png":["packages/country_pickers/assets/pg.png"],"packages/country_pickers/assets/ph.png":["packages/country_pickers/assets/ph.png"],"packages/country_pickers/assets/pk.png":["packages/country_pickers/assets/pk.png"],"packages/country_pickers/assets/pl.png":["packages/country_pickers/assets/pl.png"],"packages/country_pickers/assets/pm.png":["packages/country_pickers/assets/pm.png"],"packages/country_pickers/assets/pn.png":["packages/country_pickers/assets/pn.png"],"packages/country_pickers/assets/pr.png":["packages/country_pickers/assets/pr.png"],"packages/country_pickers/assets/ps.png":["packages/country_pickers/assets/ps.png"],"packages/country_pickers/assets/pt.png":["packages/country_pickers/assets/pt.png"],"packages/country_pickers/assets/pw.png":["packages/country_pickers/assets/pw.png"],"packages/country_pickers/assets/py.png":["packages/country_pickers/assets/py.png"],"packages/country_pickers/assets/qa.png":["packages/country_pickers/assets/qa.png"],"packages/country_pickers/assets/re.png":["packages/country_pickers/assets/re.png"],"packages/country_pickers/assets/ro.png":["packages/country_pickers/assets/ro.png"],"packages/country_pickers/assets/rs.png":["packages/country_pickers/assets/rs.png"],"packages/country_pickers/assets/ru.png":["packages/country_pickers/assets/ru.png"],"packages/country_pickers/assets/rw.png":["packages/country_pickers/assets/rw.png"],"packages/country_pickers/assets/sa.png":["packages/country_pickers/assets/sa.png"],"packages/country_pickers/assets/sb.png":["packages/country_pickers/assets/sb.png"],"packages/country_pickers/assets/sc.png":["packages/country_pickers/assets/sc.png"],"packages/country_pickers/assets/sd.png":["packages/country_pickers/assets/sd.png"],"packages/country_pickers/assets/se.png":["packages/country_pickers/assets/se.png"],"packages/country_pickers/assets/sg.png":["packages/country_pickers/assets/sg.png"],"packages/country_pickers/assets/sh.png":["packages/country_pickers/assets/sh.png"],"packages/country_pickers/assets/si.png":["packages/country_pickers/assets/si.png"],"packages/country_pickers/assets/sj.png":["packages/country_pickers/assets/sj.png"],"packages/country_pickers/assets/sk.png":["packages/country_pickers/assets/sk.png"],"packages/country_pickers/assets/sl.png":["packages/country_pickers/assets/sl.png"],"packages/country_pickers/assets/sm.png":["packages/country_pickers/assets/sm.png"],"packages/country_pickers/assets/sn.png":["packages/country_pickers/assets/sn.png"],"packages/country_pickers/assets/so.png":["packages/country_pickers/assets/so.png"],"packages/country_pickers/assets/sr.png":["packages/country_pickers/assets/sr.png"],"packages/country_pickers/assets/ss.png":["packages/country_pickers/assets/ss.png"],"packages/country_pickers/assets/st.png":["packages/country_pickers/assets/st.png"],"packages/country_pickers/assets/sv.png":["packages/country_pickers/assets/sv.png"],"packages/country_pickers/assets/sx.png":["packages/country_pickers/assets/sx.png"],"packages/country_pickers/assets/sy.png":["packages/country_pickers/assets/sy.png"],"packages/country_pickers/assets/sz.png":["packages/country_pickers/assets/sz.png"],"packages/country_pickers/assets/tc.png":["packages/country_pickers/assets/tc.png"],"packages/country_pickers/assets/td.png":["packages/country_pickers/assets/td.png"],"packages/country_pickers/assets/tf.png":["packages/country_pickers/assets/tf.png"],"packages/country_pickers/assets/tg.png":["packages/country_pickers/assets/tg.png"],"packages/country_pickers/assets/th.png":["packages/country_pickers/assets/th.png"],"packages/country_pickers/assets/tj.png":["packages/country_pickers/assets/tj.png"],"packages/country_pickers/assets/tk.png":["packages/country_pickers/assets/tk.png"],"packages/country_pickers/assets/tl.png":["packages/country_pickers/assets/tl.png"],"packages/country_pickers/assets/tm.png":["packages/country_pickers/assets/tm.png"],"packages/country_pickers/assets/tn.png":["packages/country_pickers/assets/tn.png"],"packages/country_pickers/assets/to.png":["packages/country_pickers/assets/to.png"],"packages/country_pickers/assets/tr.png":["packages/country_pickers/assets/tr.png"],"packages/country_pickers/assets/tt.png":["packages/country_pickers/assets/tt.png"],"packages/country_pickers/assets/tv.png":["packages/country_pickers/assets/tv.png"],"packages/country_pickers/assets/tw.png":["packages/country_pickers/assets/tw.png"],"packages/country_pickers/assets/tz.png":["packages/country_pickers/assets/tz.png"],"packages/country_pickers/assets/ua.png":["packages/country_pickers/assets/ua.png"],"packages/country_pickers/assets/ug.png":["packages/country_pickers/assets/ug.png"],"packages/country_pickers/assets/um.png":["packages/country_pickers/assets/um.png"],"packages/country_pickers/assets/us.png":["packages/country_pickers/assets/us.png"],"packages/country_pickers/assets/uy.png":["packages/country_pickers/assets/uy.png"],"packages/country_pickers/assets/uz.png":["packages/country_pickers/assets/uz.png"],"packages/country_pickers/assets/va.png":["packages/country_pickers/assets/va.png"],"packages/country_pickers/assets/vc.png":["packages/country_pickers/assets/vc.png"],"packages/country_pickers/assets/ve.png":["packages/country_pickers/assets/ve.png"],"packages/country_pickers/assets/vg.png":["packages/country_pickers/assets/vg.png"],"packages/country_pickers/assets/vi.png":["packages/country_pickers/assets/vi.png"],"packages/country_pickers/assets/vn.png":["packages/country_pickers/assets/vn.png"],"packages/country_pickers/assets/vu.png":["packages/country_pickers/assets/vu.png"],"packages/country_pickers/assets/wf.png":["packages/country_pickers/assets/wf.png"],"packages/country_pickers/assets/ws.png":["packages/country_pickers/assets/ws.png"],"packages/country_pickers/assets/xk.png":["packages/country_pickers/assets/xk.png"],"packages/country_pickers/assets/ye.png":["packages/country_pickers/assets/ye.png"],"packages/country_pickers/assets/yt.png":["packages/country_pickers/assets/yt.png"],"packages/country_pickers/assets/za.png":["packages/country_pickers/assets/za.png"],"packages/country_pickers/assets/zm.png":["packages/country_pickers/assets/zm.png"],"packages/country_pickers/assets/zw.png":["packages/country_pickers/assets/zw.png"],"packages/cupertino_icons/assets/CupertinoIcons.ttf":["packages/cupertino_icons/assets/CupertinoIcons.ttf"],"packages/font_awesome_flutter/lib/fonts/fa-brands-400.ttf":["packages/font_awesome_flutter/lib/fonts/fa-brands-400.ttf"],"packages/font_awesome_flutter/lib/fonts/fa-regular-400.ttf":["packages/font_awesome_flutter/lib/fonts/fa-regular-400.ttf"],"packages/font_awesome_flutter/lib/fonts/fa-solid-900.ttf":["packages/font_awesome_flutter/lib/fonts/fa-solid-900.ttf"]}